player_id,full_name,gender,age,dominant_hand,backhand_type,fitness_level,years_playing,weekly_training_hours,height_cm,matches_played,matches_won,success_rate
P1000,Ido Peretz,male,16,right,one_handed,8.0,3.8,4.3,171.0,109,74,67.8
P1001,Noam Levi,male,28,right,two_handed,10.0,6.9,4.8,170.6,14,12,85.8
P1002,Noa Biton,female,21,right,one_handed,3.0,1.4,3.2,172.5,80,52,64.9
P1003,Noam Mizrahi,male,40,right,two_handed,8.0,3.5,8.7,191.0,44,32,73.3
P1004,Yotam Shapira,male,33,left,two_handed,9.0,7.0,2.9,160.0,55,44,80.4
P1005,Maya Friedman,female,10,left,,7.0,6.1,1.3,155.6,93,54,58.4
P1006,Tamar Avraham,female,30,right,two_handed,5.0,1.5,3.9,152.2,89,64,71.5
P1007,Gal Biton,female,35,right,two_handed,3.0,1.5,4.9,159.9,68,35,52.0
P1008,Hila Avraham,female,45,right,two_handed,7.0,5.4,5.7,174.2,61,31,51.5
P1009,Guy Azoulay,male,27,,two_handed,2.0,1.1,5.5,182.0,111,65,58.2
P1010,Amit Avraham,male,26,right,two_handed,3.0,6.5,5.9,182.5,86,60,69.7
P1011,Gal Friedman,female,33,right,two_handed,7.0,4.9,2.2,,26,16,60.8
P1012,Guy Avraham,male,29,right,one_handed,5.0,3.6,13.1,165.5,19,14,74.8
P1013,Hila Avraham,female,19,right,one_handed,5.0,4.5,6.3,163.0,12,9,74.4
P1014,Yotam Peretz,male,8,right,two_handed,2.0,2.4,5.1,129.2,86,36,41.5
P1015,Hila Azoulay,female,12,right,two_handed,7.0,14.3,4.3,153.9,64,45,70.5
P1016,Shira Avraham,female,15,right,two_handed,,3.7,6.3,175.0,117,69,58.7
P1017,Lior Avraham,female,40,left,two_handed,4.0,3.6,1.8,172.0,76,41,53.6
P1018,Noam Avraham,male,31,right,two_handed,,3.6,,172.9,57,32,56.5
P1019,Daniel Mizrahi,male,31,right,,9.0,8.4,0.9,177.5,42,33,78.5
P1020,Yotam Levi,male,26,right,two_handed,8.0,2.3,,184.2,85,68,80.1
P1021,Adi Cohen,female,11,right,one_handed,7.0,4.6,3.6,145.0,15,8,55.3
P1022,Ron Friedman,male,40,right,one_handed,3.0,1.6,2.7,161.6,89,37,42.0
P1023,Ron Azoulay,male,33,right,two_handed,7.0,1.4,3.6,176.4,103,65,62.9
P1024,Tamar Azoulay,female,16,right,two_handed,7.0,0.6,3.7,,113,71,62.7
P1025,Noam Peretz,male,22,right,,,5.2,1.8,173.6,116,76,65.9
P1026,Shira Friedman,female,30,right,one_handed,5.0,1.4,3.0,173.4,28,21,73.9
P1027,Roni Levi,female,12,right,two_handed,5.0,47.4,42.2,160.6,52,34,65.3
P1028,Noa Friedman,female,43,right,,6.0,3.5,4.2,170.4,78,40,51.3
P1029,Guy Mizrahi,male,18,,two_handed,5.0,7.1,2.9,,22,14,64.5
P1030,Noa Azoulay,female,37,right,two_handed,7.0,2.0,8.6,163.8,30,21,69.9
P1031,Maya Azoulay,female,24,,two_handed,8.0,9.2,10.1,172.7,112,108,96.2
P1032,Eitan Mizrahi,male,34,right,two_handed,10.0,6.5,3.0,163.9,63,44,70.1
P1033,Yael Mizrahi,female,8,right,two_handed,5.0,0.7,5.7,145.4,66,34,51.8
P1034,Noa Shapira,female,24,right,two_handed,5.0,4.2,7.2,161.1,70,56,80.1
P1035,Eitan Biton,male,23,right,two_handed,3.0,3.8,4.2,,78,52,66.7
P1036,Maya Azoulay,female,25,right,two_handed,8.0,3.4,3.0,160.7,84,69,82.0
P1037,Guy Shapira,male,8,right,two_handed,,4.4,2.3,142.4,79,58,73.3
P1038,Ido Levi,male,10,,two_handed,,6.4,1.4,154.1,52,32,61.1
P1039,Shira Cohen,female,36,right,one_handed,7.0,1.7,1.9,179.9,20,12,62.2
P1040,Adi Levi,female,29,right,two_handed,8.0,3.2,3.0,164.0,13,10,79.7
P1041,Guy Shapira,male,19,,two_handed,6.0,5.5,,179.8,42,29,69.9
P1042,Yael Biton,female,40,right,,2.0,3.3,1.9,174.9,91,40,44.4
P1043,Yael Cohen,female,43,right,one_handed,9.0,4.8,4.3,176.8,59,39,66.0
P1044,Amit Azoulay,male,32,right,two_handed,4.0,14.6,1.3,198.3,10,7,71.6
P1045,Daniel Friedman,male,8,left,one_handed,9.0,3.3,5.4,157.2,88,63,71.4
P1046,Yotam Levi,male,33,right,two_handed,,2.0,3.1,171.0,13,9,70.5
P1047,Ron Friedman,male,29,right,one_handed,3.0,5.3,0.6,162.4,18,11,60.1
P1048,Roni Mizrahi,female,23,right,two_handed,7.0,9.5,2.9,168.4,94,73,77.9
P1049,Ron Avraham,male,46,right,two_handed,3.0,5.3,9.4,179.1,94,48,51.2
P1050,Daniel Cohen,male,34,right,two_handed,7.0,2.0,4.3,176.2,66,50,75.5
P1051,Maya Cohen,female,24,right,one_handed,7.0,3.7,3.2,167.1,14,11,77.8
P1052,Guy Shapira,male,8,right,one_handed,5.0,4.1,5.1,151.9,61,31,50.7
P1053,Ron Azoulay,male,12,left,two_handed,5.0,1.7,5.5,170.2,96,60,62.8
P1054,Eitan Azoulay,male,51,right,two_handed,5.0,14.7,2.2,182.0,37,20,53.4
P1055,Tamar Biton,female,8,right,one_handed,5.0,6.1,1.7,136.8,72,36,49.9
P1056,Gal Friedman,female,22,right,one_handed,7.0,6.9,,159.3,108,88,81.7
P1057,Amit Azoulay,male,34,right,two_handed,7.0,8.5,2.4,172.7,54,40,73.5
P1058,Shira Peretz,female,35,right,two_handed,7.0,3.3,2.7,162.2,96,49,50.8
P1059,Lior Mizrahi,female,18,right,one_handed,3.0,1.0,2.0,153.1,66,37,55.5
P1060,Daniel Peretz,male,25,right,two_handed,7.0,2.6,2.4,162.6,64,48,74.9
P1061,Guy Cohen,male,32,left,two_handed,5.0,3.6,1.6,178.5,80,56,70.4
P1062,Yotam Cohen,male,42,left,,7.0,6.4,3.9,187.7,80,48,60.1
P1063,Ariel Mizrahi,male,31,right,,5.0,6.2,1.4,,77,57,74.3
P1064,Lior Peretz,female,16,right,,7.0,1.9,2.7,,112,64,57.2
P1065,Yotam Levi,male,34,right,two_handed,5.0,1.4,7.1,,35,22,63.1
P1066,Lior Peretz,female,8,right,two_handed,4.0,3.0,6.1,146.6,16,7,42.1
P1067,Amit Katz,male,48,right,two_handed,4.0,4.5,,174.5,22,14,63.1
P1068,Noa Shapira,female,44,right,two_handed,7.0,1.6,15.0,173.3,119,88,73.6
P1069,Ariel Katz,male,23,right,two_handed,4.0,2.5,4.1,180.4,75,54,72.2
P1070,Roni Levi,female,32,right,one_handed,6.0,1.3,3.2,174.0,13,8,65.3
P1071,Roni Mizrahi,female,35,right,two_handed,6.0,0.6,2.4,,18,9,50.2
P1072,Lior Shapira,female,22,right,two_handed,5.0,5.4,7.6,176.4,70,56,79.6
P1073,Guy Cohen,male,8,right,one_handed,5.0,3.9,1.8,152.5,78,40,51.4
P1074,Ido Shapira,male,19,left,one_handed,4.0,8.9,5.7,174.1,20,17,83.4
P1075,Yotam Cohen,male,14,right,two_handed,8.0,8.9,3.6,178.3,50,39,78.4
P1076,Yotam Cohen,male,22,right,two_handed,5.0,1.5,4.0,181.0,115,83,72.3
P1077,Guy Mizrahi,male,35,right,one_handed,8.0,2.0,4.4,171.7,39,25,64.3
P1078,Adi Friedman,female,23,right,one_handed,7.0,1.5,1.0,171.1,38,23,60.0
P1079,Ron Katz,male,26,right,two_handed,8.0,2.0,5.8,178.3,14,12,86.4
P1080,Noa Friedman,female,28,,one_handed,6.0,7.6,5.7,163.0,73,54,74.6
P1081,Ido Friedman,male,13,right,two_handed,7.0,3.3,3.5,165.8,105,72,68.4
P1082,Gal Avraham,female,32,right,one_handed,4.0,3.5,3.6,159.5,49,29,58.2
P1083,Ron Shapira,male,43,left,one_handed,1.0,5.9,0.8,177.9,78,34,43.8
P1084,Amit Mizrahi,male,40,left,two_handed,8.0,0.2,3.0,172.2,84,52,62.2
P1085,Ariel Cohen,male,35,right,one_handed,7.0,6.1,6.2,176.9,100,71,70.8
P1086,Roni Katz,female,29,right,two_handed,,7.9,3.4,162.2,44,31,69.7
P1087,Tamar Avraham,female,45,right,two_handed,9.0,10.7,4.3,160.8,115,91,79.1
P1088,Maya Mizrahi,female,30,right,two_handed,4.0,4.5,11.7,172.4,51,39,76.3
P1089,Noa Biton,female,14,right,two_handed,5.0,7.0,9.4,150.0,23,18,77.2
P1090,Ariel Katz,male,13,right,two_handed,7.0,3.8,4.5,165.1,46,28,61.9
P1091,Omer Shapira,male,21,right,two_handed,7.0,4.9,2.6,169.8,103,77,75.0
P1092,Daniel Avraham,male,22,right,two_handed,6.0,10.8,4.4,162.5,21,18,85.1
P1093,Noa Biton,female,12,right,two_handed,,4.6,0.3,142.2,80,38,47.6
P1094,Guy Azoulay,male,31,,one_handed,7.0,1.8,,185.9,60,48,79.3
P1095,Daniel Levi,male,31,left,two_handed,6.0,9.9,1.2,191.9,25,20,81.5
P1096,Daniel Mizrahi,male,8,left,two_handed,8.0,6.5,1.1,148.2,50,34,68.3
P1097,Noa Shapira,female,26,right,two_handed,9.0,6.4,2.6,176.0,86,67,77.6
P1098,Daniel Azoulay,male,33,right,,7.0,2.8,1.5,172.4,68,37,55.1
P1099,Noam Levi,male,25,left,two_handed,5.0,4.8,3.6,172.3,55,43,77.9
P1100,Noam Avraham,male,40,right,one_handed,5.0,6.4,10.4,174.1,87,53,60.8
P1101,Daniel Friedman,male,18,right,two_handed,6.0,5.8,4.0,187.2,107,76,71.0
P1102,Ron Levi,male,28,right,two_handed,2.0,2.0,1.7,188.5,116,74,64.0
P1103,Daniel Katz,male,8,right,one_handed,7.0,0.4,3.8,154.6,27,16,58.5
P1104,Noa Friedman,female,21,right,two_handed,5.0,7.1,3.2,156.7,108,76,70.6
P1105,Ariel Katz,male,20,right,,6.0,10.6,16.9,177.4,62,60,96.9
P1106,Omer Katz,male,40,right,two_handed,3.0,3.3,7.1,164.1,11,5,49.6
P1107,Roni Azoulay,female,33,left,one_handed,5.0,3.3,4.7,167.6,99,66,67.0
P1108,Tamar Cohen,female,23,right,,7.0,1.2,11.7,180.4,63,51,81.0
P1109,Noam Friedman,male,33,left,two_handed,9.0,4.5,1.7,182.1,77,58,75.9
P1110,Yotam Biton,male,33,right,one_handed,9.0,9.0,2.9,187.7,62,44,70.3
P1111,Omer Avraham,male,15,,two_handed,4.0,12.4,3.4,173.3,33,23,70.7
P1112,Ron Shapira,male,25,right,two_handed,7.0,0.8,1.6,178.6,84,59,70.8
P1113,Amit Friedman,male,41,right,two_handed,2.0,6.6,2.3,190.1,72,32,44.9
P1114,Ido Azoulay,male,36,right,,9.0,9.4,1.7,175.5,102,72,70.1
P1115,Daniel Levi,male,50,right,two_handed,6.0,4.0,4.3,165.9,83,42,51.2
P1116,Ron Mizrahi,male,29,right,one_handed,1.0,4.7,4.9,191.9,76,43,57.2
P1117,Noam Biton,male,28,right,two_handed,5.0,2.3,3.1,163.4,97,73,75.0
P1118,Ido Avraham,male,46,,two_handed,6.0,1.0,1.7,180.8,57,26,45.8
P1119,Amit Avraham,male,37,right,,9.0,6.4,0.8,178.1,100,64,63.8
P1120,Maya Avraham,female,36,,one_handed,8.0,4.8,0.3,163.5,17,11,65.6
P1121,Adi Levi,female,17,left,one_handed,5.0,4.6,1.8,165.5,67,46,69.4
P1122,Roni Avraham,female,29,right,two_handed,6.0,1.6,9.0,167.3,76,57,74.5
P1123,Yotam Peretz,male,98,right,two_handed,7.0,2.3,1.0,240.4,47,32,67.1
P1124,Noa Cohen,female,14,right,one_handed,8.0,4.0,3.9,138.4,46,29,64.0
P1125,Amit Biton,male,20,right,one_handed,8.0,2.9,4.1,188.5,56,42,74.9
P1126,Lior Avraham,female,50,right,two_handed,8.0,3.7,12.6,156.6,102,65,63.9
P1127,Amit Katz,male,24,right,two_handed,7.0,12.6,1.9,,68,55,81.6
P1128,Amit Biton,male,22,right,two_handed,5.0,4.8,4.0,174.7,16,11,68.8
P1129,Ariel Friedman,male,33,,two_handed,1.0,3.3,,179.5,50,27,54.1
P1130,Omer Avraham,male,28,right,two_handed,,2.5,10.1,164.8,48,39,81.5
P1131,Eitan Biton,male,32,right,two_handed,6.0,4.9,8.2,170.8,100,74,74.3
P1132,Roni Katz,female,14,right,,6.0,2.8,1.4,160.3,109,64,58.9
P1133,Tamar Avraham,female,26,right,one_handed,4.0,1.7,4.9,165.7,25,20,78.4
P1134,Guy Mizrahi,male,32,right,one_handed,6.0,7.3,,181.7,81,68,83.7
P1135,Ariel Friedman,male,47,right,two_handed,,8.6,5.1,,39,24,61.4
P1136,Adi Mizrahi,female,32,right,two_handed,5.0,7.5,1.2,,47,27,57.3
P1137,Roni Katz,female,24,right,two_handed,6.0,4.6,5.5,179.7,88,70,79.9
P1138,Yael Biton,female,117,right,one_handed,9.0,9.9,3.6,220.8,64,49,76.7
P1139,Ron Avraham,male,31,right,one_handed,7.0,1.4,1.6,,101,72,71.5
P1140,Yael Biton,female,26,right,two_handed,6.0,3.6,17.7,170.1,90,82,90.6
P1141,Noam Katz,male,50,right,two_handed,10.0,13.6,4.3,177.0,44,33,75.2
P1142,Yotam Peretz,male,25,right,two_handed,4.0,0.9,,188.1,41,27,64.9
P1143,Omer Shapira,male,39,right,two_handed,6.0,1.2,7.8,176.1,70,44,62.2
P1144,Shira Friedman,female,8,right,one_handed,9.0,0.7,0.7,143.4,52,29,56.0
P1145,Noam Mizrahi,male,23,right,two_handed,7.0,10.0,10.5,182.5,104,95,91.3
P1146,Ron Cohen,male,47,right,one_handed,6.0,9.0,4.6,173.1,72,39,54.6
P1147,Tamar Mizrahi,female,47,right,two_handed,3.0,3.2,5.4,160.4,21,10,48.8
P1148,Roni Katz,female,39,right,two_handed,5.0,7.0,,165.4,109,50,45.8
P1149,Hila Shapira,female,33,right,two_handed,,1.0,0.5,171.0,59,37,62.2
P1150,Noam Shapira,male,17,right,two_handed,,2.4,7.4,183.6,30,24,79.2
P1151,Adi Mizrahi,female,52,right,one_handed,6.0,4.4,8.0,164.6,17,9,51.5
P1152,Guy Avraham,male,23,right,two_handed,4.0,5.5,4.9,185.4,116,76,65.7
P1153,Noa Azoulay,female,16,right,two_handed,5.0,1.1,1.5,156.3,106,62,58.9
P1154,Lior Avraham,female,14,right,one_handed,2.0,2.4,9.0,,59,31,52.5
P1155,Hila Avraham,female,54,right,one_handed,5.0,0.1,2.2,161.1,34,17,48.8
P1156,Maya Peretz,female,26,right,two_handed,7.0,7.0,2.1,163.6,40,32,80.0
P1157,Daniel Shapira,male,27,right,two_handed,6.0,5.1,6.7,174.5,117,91,77.7
P1158,Guy Avraham,male,40,right,two_handed,5.0,3.1,1.1,,15,7,44.2
P1159,Noa Avraham,female,8,right,two_handed,7.0,4.4,9.9,148.6,64,45,70.8
P1160,Daniel Friedman,male,29,right,one_handed,,17.3,,182.8,74,54,73.1
P1161,Eitan Peretz,male,29,right,,4.0,1.3,1.8,169.5,11,7,63.3
P1162,Noa Mizrahi,female,20,left,two_handed,5.0,11.7,6.8,145.0,18,15,81.3
P1163,Noam Katz,male,43,right,two_handed,5.0,1.4,3.1,179.8,112,57,50.7
P1164,Eitan Azoulay,male,38,right,one_handed,9.0,1.8,4.1,169.9,105,66,63.2
P1165,Ido Biton,male,25,right,one_handed,7.0,9.7,3.2,177.6,97,79,81.6
P1166,Ido Mizrahi,male,47,right,one_handed,7.0,6.2,1.8,171.3,99,50,50.9
P1167,Amit Levi,male,37,right,two_handed,4.0,0.5,3.4,179.3,68,43,62.7
P1168,Ariel Friedman,male,34,,two_handed,6.0,8.4,,174.4,50,35,70.2
P1169,Amit Levi,male,33,left,two_handed,8.0,6.1,3.4,161.9,93,79,84.9
P1170,Lior Avraham,female,45,right,,5.0,7.4,2.0,153.0,57,27,46.6
P1171,Noam Avraham,male,40,right,one_handed,3.0,4.1,7.4,179.9,29,15,52.6
P1172,Omer Azoulay,male,35,right,two_handed,10.0,2.2,3.1,169.0,22,16,71.1
P1173,Adi Cohen,female,31,left,two_handed,6.0,6.0,5.3,167.6,65,46,70.1
P1174,Adi Peretz,female,16,right,two_handed,8.0,6.8,3.4,164.5,28,20,72.8
P1175,Ido Avraham,male,24,right,two_handed,6.0,1.1,4.9,181.8,34,23,69.0
P1176,Adi Levi,female,20,right,two_handed,5.0,7.3,2.5,,85,63,74.1
P1177,Noa Avraham,female,34,,two_handed,4.0,2.4,2.5,163.7,75,52,69.3
P1178,Guy Shapira,male,36,right,two_handed,5.0,1.8,3.6,,13,8,60.6
P1179,Ido Shapira,male,29,,one_handed,8.0,7.3,4.8,172.8,94,68,72.4
P1180,Ron Peretz,male,39,right,two_handed,10.0,2.7,5.9,171.2,59,38,64.0
P1181,Lior Katz,female,20,right,two_handed,7.0,12.7,4.2,171.8,55,50,90.1
P1182,Yael Shapira,female,30,right,two_handed,5.0,3.5,,161.6,15,10,66.6
P1183,Noam Levi,male,36,right,one_handed,6.0,1.2,5.3,178.0,98,62,63.6
P1184,Ido Biton,male,22,right,two_handed,5.0,1.6,6.7,174.5,66,44,67.2
P1185,Yotam Azoulay,male,32,right,two_handed,4.0,1.7,3.9,190.5,80,50,63.0
P1186,Maya Mizrahi,female,33,right,one_handed,6.0,9.2,2.0,141.2,61,39,64.3
P1187,Daniel Azoulay,male,8,right,two_handed,5.0,9.2,,153.0,49,27,55.2
P1188,Ariel Friedman,male,41,,one_handed,,10.6,3.5,165.8,25,16,65.4
P1189,Guy Biton,male,40,right,one_handed,9.0,3.9,8.6,,109,82,75.1
P1190,Noam Katz,male,13,right,two_handed,2.0,6.9,4.3,185.6,85,44,52.1
P1191,Daniel Cohen,male,31,right,two_handed,5.0,3.1,4.0,167.9,12,8,65.1
P1192,Yael Shapira,female,40,right,two_handed,5.0,10.2,1.6,,35,20,56.8
P1193,Guy Mizrahi,male,33,right,two_handed,4.0,3.9,1.8,172.6,114,60,52.9
P1194,Amit Levi,male,36,right,two_handed,7.0,2.2,4.9,179.3,71,49,68.5
P1195,Gal Azoulay,female,27,right,one_handed,8.0,0.8,1.9,,28,18,64.5
P1196,Adi Peretz,female,44,right,two_handed,,5.3,9.8,164.7,55,34,61.9
P1197,Roni Azoulay,female,44,right,two_handed,5.0,7.5,1.2,163.2,98,53,54.5
P1198,Gal Cohen,female,34,right,two_handed,8.0,3.8,9.0,177.5,59,45,76.7
P1199,Eitan Cohen,male,11,left,two_handed,7.0,1.2,1.7,,110,63,57.0
P1200,Tamar Mizrahi,female,35,right,two_handed,4.0,8.2,2.8,156.6,113,78,68.6
P1201,Noa Levi,female,39,right,one_handed,4.0,3.9,3.0,169.3,68,36,52.9
P1202,Gal Friedman,female,28,right,one_handed,5.0,2.0,1.8,156.8,106,69,65.5
P1203,Ron Friedman,male,45,right,two_handed,7.0,3.4,6.0,175.0,33,19,57.4
P1204,Daniel Katz,male,10,right,one_handed,6.0,3.0,2.6,148.7,106,57,54.1
P1205,Ariel Avraham,male,8,right,two_handed,,3.6,3.3,163.1,25,16,63.7
P1206,Adi Biton,female,13,right,,5.0,3.7,1.1,152.1,117,58,49.9
P1207,Noa Avraham,female,29,right,two_handed,7.0,11.3,3.2,164.8,32,25,77.0
P1208,Amit Levi,male,8,right,two_handed,7.0,5.1,4.1,134.9,33,21,63.3
P1209,Gal Shapira,female,21,right,two_handed,7.0,2.2,,178.1,93,76,81.7
P1210,Shira Biton,female,15,right,one_handed,5.0,7.2,2.3,151.0,91,52,56.7
P1211,Gal Cohen,female,29,right,two_handed,4.0,2.4,1.6,177.3,38,26,68.5
P1212,Ariel Katz,male,17,right,two_handed,5.0,4.2,2.4,187.3,94,53,56.1
P1213,Hila Levi,female,26,right,two_handed,2.0,5.3,2.1,166.3,95,53,56.0
P1214,Amit Biton,male,48,right,two_handed,9.0,3.0,7.4,,51,33,65.5
P1215,Guy Peretz,male,17,right,one_handed,7.0,7.5,1.4,176.0,76,48,62.9
P1216,Yael Levi,female,36,left,one_handed,2.0,2.9,7.6,167.8,28,17,60.1
P1217,Ariel Shapira,male,14,right,two_handed,8.0,5.4,3.3,171.2,70,47,67.7
P1218,Yael Mizrahi,female,23,left,two_handed,7.0,1.9,6.0,165.1,39,30,77.4
P1219,Lior Cohen,female,44,left,two_handed,4.0,5.2,2.3,162.0,75,45,60.0
P1220,Ido Peretz,male,38,right,one_handed,10.0,2.6,1.3,164.1,106,69,65.1
P1221,Adi Avraham,female,21,,two_handed,10.0,5.2,2.3,,17,14,85.0
P1222,Roni Shapira,female,24,right,two_handed,7.0,7.7,4.7,,63,51,80.8
P1223,Amit Peretz,male,12,right,two_handed,5.0,6.5,10.3,146.7,15,10,65.6
P1224,Eitan Katz,male,33,right,two_handed,3.0,12.2,5.5,173.2,56,33,59.1
P1225,Ariel Katz,male,27,right,two_handed,,6.8,5.1,189.5,82,66,79.9
P1226,Lior Avraham,female,17,right,two_handed,7.0,25.9,3.6,177.3,16,14,88.6
P1227,Noa Peretz,female,23,right,two_handed,,4.4,0.9,,37,21,57.0
P1228,Daniel Katz,male,42,right,one_handed,7.0,2.7,5.7,164.4,79,48,60.9
P1229,Lior Azoulay,female,40,right,two_handed,6.0,4.5,1.9,161.1,79,41,52.3
P1230,Ron Peretz,male,19,right,,3.0,3.6,7.4,165.7,105,72,68.4
P1231,Ariel Mizrahi,male,15,right,one_handed,5.0,6.1,5.8,177.3,29,18,62.5
P1232,Lior Cohen,female,30,right,one_handed,10.0,5.1,3.0,165.2,91,78,85.2
P1233,Daniel Levi,male,36,left,two_handed,5.0,10.6,4.2,171.5,50,36,71.6
P1234,Hila Katz,female,14,right,one_handed,5.0,9.6,1.2,160.1,30,14,47.1
P1235,Eitan Mizrahi,male,13,right,two_handed,4.0,54.7,59.4,163.0,10,7,68.5
P1236,Ido Levi,male,25,right,,,10.0,0.7,168.2,20,15,75.4
P1237,Lior Mizrahi,female,21,,two_handed,10.0,5.7,18.8,171.2,117,114,97.1
P1238,Shira Peretz,female,28,right,two_handed,5.0,4.4,2.1,172.4,57,34,60.4
P1239,Shira Peretz,female,17,right,two_handed,8.0,11.4,1.1,153.7,110,80,72.6
P1240,Amit Azoulay,male,8,right,two_handed,3.0,4.2,8.2,152.8,67,34,50.6
P1241,Yotam Levi,male,31,right,one_handed,7.0,14.0,1.1,,98,72,73.3
P1242,Lior Friedman,female,30,right,one_handed,7.0,8.4,6.0,160.9,47,40,85.5
P1243,Eitan Katz,male,13,right,two_handed,,4.8,1.5,176.8,114,60,52.6
P1244,Ido Katz,male,29,right,two_handed,,0.3,4.7,,17,11,64.6
P1245,Noam Biton,male,49,right,two_handed,5.0,7.7,4.3,,10,5,54.6
P1246,Maya Shapira,female,26,right,one_handed,4.0,2.7,3.3,180.6,16,12,72.1
P1247,Tamar Shapira,female,36,right,two_handed,5.0,4.8,2.9,168.5,32,19,60.2
P1248,Yotam Friedman,male,19,right,one_handed,6.0,12.9,,182.7,43,30,70.0
P1249,Noa Shapira,female,20,left,two_handed,5.0,5.6,2.9,159.3,30,21,71.0
P1250,Maya Shapira,female,48,right,one_handed,6.0,1.5,,164.5,92,48,52.7
P1251,Roni Levi,female,34,left,one_handed,7.0,3.1,2.0,,105,72,68.3
P1252,Hila Levi,female,25,right,one_handed,5.0,2.1,2.5,164.2,102,75,73.3
P1253,Tamar Azoulay,female,21,right,two_handed,7.0,2.9,6.6,152.2,66,51,77.6
P1254,Noa Shapira,female,24,left,two_handed,7.0,1.3,3.0,169.2,43,31,71.2
P1255,Omer Friedman,male,27,right,two_handed,10.0,1.5,4.0,178.0,49,43,87.5
P1256,Noam Katz,male,32,right,two_handed,,12.8,2.7,183.9,56,46,83.0
P1257,Omer Peretz,male,33,right,two_handed,10.0,6.2,6.1,165.9,40,35,86.6
P1258,Ron Friedman,male,20,right,two_handed,8.0,2.4,2.9,174.8,25,17,67.7
P1259,Omer Avraham,male,50,right,one_handed,,8.8,,192.0,35,27,76.1
P1260,Hila Mizrahi,female,10,right,two_handed,9.0,7.2,5.6,149.6,92,63,68.3
P1261,Omer Levi,male,36,right,two_handed,4.0,4.9,4.9,173.7,34,22,63.7
P1262,Roni Friedman,female,18,right,two_handed,4.0,12.5,,175.8,60,37,61.0
P1263,Eitan Avraham,male,14,right,two_handed,4.0,3.6,2.3,179.0,29,15,51.6
P1264,Roni Peretz,female,11,right,two_handed,4.0,1.9,2.1,149.6,73,32,43.3
P1265,Noa Avraham,female,31,right,two_handed,3.0,1.5,5.5,178.3,48,25,52.5
P1266,Maya Avraham,female,18,right,two_handed,7.0,5.1,1.9,166.7,61,41,67.2
P1267,Maya Friedman,female,29,right,two_handed,5.0,3.0,6.1,165.2,65,47,71.8
P1268,Omer Cohen,male,40,right,two_handed,,2.7,0.5,161.5,59,34,56.9
P1269,Ron Avraham,male,27,right,two_handed,4.0,9.6,7.8,163.6,90,74,82.5
P1270,Amit Cohen,male,8,right,two_handed,7.0,7.1,4.1,150.5,86,57,65.8
P1271,Amit Biton,male,11,right,two_handed,10.0,4.4,0.2,157.4,41,26,63.0
P1272,Hila Biton,female,48,left,two_handed,6.0,1.5,2.8,163.8,80,40,49.9
P1273,Ron Friedman,male,24,right,two_handed,8.0,13.0,,172.6,23,19,83.5
P1274,Ido Mizrahi,male,33,right,,7.0,5.6,1.9,170.7,47,40,85.5
P1275,Daniel Mizrahi,male,29,left,two_handed,5.0,10.9,3.9,171.4,101,76,74.8
P1276,Daniel Katz,male,23,right,two_handed,9.0,5.5,5.6,163.3,111,90,81.2
P1277,Ron Shapira,male,39,right,one_handed,6.0,4.6,6.2,171.2,50,30,60.8
P1278,Omer Azoulay,male,19,right,,6.0,5.4,5.9,177.9,14,10,72.7
P1279,Lior Cohen,female,17,,two_handed,6.0,19.5,4.4,162.1,74,57,77.6
P1280,Omer Cohen,male,27,right,one_handed,6.0,2.7,0.9,175.9,111,83,75.0
P1281,Roni Levi,female,28,right,two_handed,,3.3,5.5,171.8,23,15,65.5
P1282,Adi Mizrahi,female,36,right,two_handed,5.0,2.6,8.4,155.9,117,67,57.3
P1283,Eitan Friedman,male,18,right,two_handed,10.0,1.1,1.7,170.9,97,72,74.3
P1284,Maya Levi,female,17,right,two_handed,10.0,3.5,0.3,177.2,43,33,76.1
P1285,Lior Levi,female,26,right,two_handed,4.0,10.5,4.6,163.9,92,66,71.2
P1286,Yael Avraham,female,59,right,two_handed,7.0,8.1,3.2,168.4,22,14,61.8
P1287,Lior Cohen,female,8,right,two_handed,4.0,3.9,1.5,149.2,67,33,49.5
P1288,Yael Levi,female,54,right,two_handed,,2.8,1.8,167.7,31,15,49.6
P1289,Adi Biton,female,19,left,two_handed,7.0,4.3,5.1,162.9,119,95,79.8
P1290,Tamar Biton,female,21,,two_handed,7.0,3.4,6.0,173.1,11,9,77.8
P1291,Yotam Mizrahi,male,25,right,two_handed,6.0,11.2,1.0,174.0,15,12,79.9
P1292,Roni Levi,female,50,right,one_handed,4.0,8.2,2.5,162.8,82,40,48.9
P1293,Tamar Azoulay,female,31,right,,4.0,1.8,4.2,149.7,61,39,64.0
P1294,Ariel Biton,male,34,right,two_handed,6.0,5.3,,175.7,77,51,65.6
P1295,Tamar Mizrahi,female,30,right,two_handed,10.0,7.9,3.5,,78,62,80.1
P1296,Noam Azoulay,male,28,right,two_handed,7.0,2.6,3.7,174.6,31,26,82.9
P1297,Guy Peretz,male,28,right,two_handed,6.0,5.9,2.2,156.7,61,45,73.0
P1298,Gal Avraham,female,24,,one_handed,8.0,7.7,1.7,175.2,46,39,84.1
P1299,Noam Peretz,male,23,right,one_handed,4.0,5.8,3.5,171.9,14,10,68.6
P1300,Daniel Peretz,male,128,right,two_handed,5.0,6.8,,216.9,18,8,45.9
P1301,Maya Avraham,female,26,right,two_handed,,2.8,7.4,168.0,91,60,65.8
P1302,Yotam Biton,male,23,right,two_handed,3.0,7.1,5.7,,50,36,72.1
P1303,Eitan Levi,male,25,right,,9.0,7.4,2.3,167.2,113,94,83.4
P1304,Lior Peretz,female,23,right,two_handed,6.0,3.7,,183.4,87,66,75.3
P1305,Daniel Levi,male,16,right,one_handed,6.0,10.3,1.9,184.5,16,10,61.9
P1306,Gal Friedman,female,28,right,,4.0,9.9,0.5,173.4,74,55,73.8
P1307,Shira Azoulay,female,23,right,,,6.7,,160.1,17,11,63.4
P1308,Yael Levi,female,41,right,one_handed,7.0,2.9,0.1,154.6,81,38,47.2
P1309,Yotam Mizrahi,male,9,right,one_handed,8.0,5.9,6.5,154.8,47,31,64.9
P1310,Lior Avraham,female,45,right,,2.0,5.5,0.5,165.5,78,38,49.1
P1311,Amit Peretz,male,14,right,two_handed,8.0,7.4,3.6,169.2,50,37,73.3
P1312,Daniel Biton,male,39,right,two_handed,7.0,1.1,4.4,172.4,32,15,47.2
P1313,Lior Cohen,female,55,,two_handed,8.0,3.5,0.6,170.9,60,35,58.8
P1314,Amit Cohen,male,27,right,two_handed,5.0,7.4,2.0,185.3,66,49,73.7
P1315,Adi Katz,female,119,right,two_handed,2.0,1.3,1.5,215.9,110,61,55.3
P1316,Noa Friedman,female,20,left,two_handed,7.0,2.5,8.0,164.0,114,98,85.6
P1317,Ariel Friedman,male,50,right,two_handed,,5.8,1.4,185.2,64,29,46.0
P1318,Daniel Peretz,male,22,right,one_handed,9.0,4.8,8.2,171.9,86,81,94.7
P1319,Yotam Levi,male,35,right,one_handed,6.0,5.2,,170.7,26,15,56.7
P1320,Hila Levi,female,31,right,two_handed,1.0,1.5,2.8,174.4,51,30,59.4
P1321,Yotam Friedman,male,8,right,two_handed,6.0,8.7,,133.7,21,12,56.6
P1322,Adi Avraham,female,19,right,two_handed,8.0,6.5,1.9,170.3,88,68,77.6
P1323,Yael Biton,female,13,right,one_handed,3.0,4.1,0.7,165.5,104,49,47.4
P1324,Ron Biton,male,8,right,two_handed,5.0,3.8,0.8,144.4,50,22,44.6
P1325,Shira Azoulay,female,21,,two_handed,3.0,11.1,5.4,171.8,93,71,76.3
P1326,Daniel Biton,male,26,right,two_handed,4.0,4.2,10.4,,54,40,74.6
P1327,Maya Levi,female,27,,two_handed,10.0,60.0,64.5,163.1,115,87,75.5
P1328,Shira Mizrahi,female,42,,two_handed,7.0,9.0,1.6,160.2,46,29,63.0
P1329,Hila Katz,female,36,right,two_handed,7.0,2.2,1.9,153.3,111,75,67.7
P1330,Guy Friedman,male,18,right,two_handed,7.0,1.1,8.8,170.9,102,82,80.2
P1331,Adi Avraham,female,11,right,two_handed,6.0,4.3,8.0,153.1,110,69,62.3
P1332,Omer Cohen,male,27,right,one_handed,6.0,6.6,3.8,,96,81,83.9
P1333,Maya Cohen,female,39,right,one_handed,,6.3,3.8,161.1,60,33,55.1
P1334,Noam Friedman,male,24,right,two_handed,6.0,3.1,8.1,174.8,12,10,84.6
P1335,Noa Cohen,female,22,left,two_handed,5.0,10.8,4.7,152.4,91,81,88.6
P1336,Hila Avraham,female,8,right,two_handed,8.0,0.8,6.0,136.3,44,28,63.8
P1337,Ron Shapira,male,33,right,two_handed,10.0,9.1,4.0,174.9,39,33,84.3
P1338,Daniel Levi,male,12,right,two_handed,7.0,5.9,1.0,149.2,69,45,65.7
P1339,Daniel Shapira,male,24,right,two_handed,7.0,4.4,0.5,172.7,13,10,78.4
P1340,Noam Peretz,male,33,,two_handed,6.0,3.0,1.0,191.4,54,34,63.6
P1341,Ariel Friedman,male,59,left,two_handed,9.0,4.3,5.3,174.2,26,16,61.5
P1342,Daniel Friedman,male,46,right,two_handed,8.0,0.3,2.5,187.6,35,20,56.9
P1343,Eitan Peretz,male,8,right,one_handed,4.0,2.6,7.6,147.9,42,23,55.2
P1344,Yael Azoulay,female,21,right,two_handed,7.0,1.8,10.0,168.8,35,30,86.6
P1345,Gal Avraham,female,37,right,one_handed,4.0,6.4,12.4,170.6,72,48,67.3
P1346,Eitan Peretz,male,46,right,one_handed,5.0,7.3,,164.3,14,8,58.8
P1347,Noa Katz,female,27,right,,,3.0,1.5,,46,29,63.1
P1348,Lior Levi,female,34,,two_handed,8.0,6.6,12.5,166.7,87,77,88.6
P1349,Adi Shapira,female,30,left,two_handed,,3.7,5.5,160.3,36,27,75.4
P1350,Guy Azoulay,male,34,right,two_handed,6.0,6.1,,183.6,51,31,60.4
P1351,Omer Friedman,male,25,right,two_handed,8.0,4.6,8.0,169.2,80,73,91.1
P1352,Shira Levi,female,15,right,two_handed,9.0,6.1,,159.6,97,68,70.4
P1353,Adi Levi,female,29,right,two_handed,10.0,5.4,8.2,167.3,34,32,94.6
P1354,Shira Cohen,female,10,right,two_handed,3.0,4.7,8.7,152.8,30,17,55.1
P1355,Daniel Friedman,male,8,right,two_handed,9.0,5.5,2.8,163.3,82,46,55.5
P1356,Yael Katz,female,10,right,one_handed,2.0,1.7,10.1,157.4,100,51,50.7
P1357,Daniel Cohen,male,28,right,one_handed,6.0,6.0,2.8,169.1,110,76,68.7
P1358,Adi Cohen,female,46,right,two_handed,7.0,9.3,2.9,162.4,108,62,57.1
P1359,Ariel Avraham,male,39,right,two_handed,2.0,8.7,2.4,178.1,48,26,54.0
P1360,Daniel Levi,male,8,right,two_handed,7.0,5.0,9.5,156.2,12,8,66.5
P1361,Ron Peretz,male,31,right,two_handed,8.0,1.6,6.6,170.2,46,35,76.0
P1362,Ido Azoulay,male,29,right,one_handed,4.0,1.9,3.2,184.5,21,13,64.0
P1363,Yael Cohen,female,38,right,two_handed,4.0,2.0,,,78,32,40.8
P1364,Tamar Katz,female,43,right,one_handed,7.0,8.2,0.8,165.6,53,34,63.6
P1365,Ariel Friedman,male,39,right,two_handed,,2.6,1.0,162.2,81,46,57.1
P1366,Noa Peretz,female,24,right,,5.0,1.2,0.9,,86,54,62.6
P1367,Maya Biton,female,39,right,two_handed,3.0,4.3,0.7,170.8,70,31,44.2
P1368,Yael Peretz,female,47,,,7.0,4.1,5.9,151.4,110,73,66.0
P1369,Ido Avraham,male,37,right,one_handed,3.0,5.4,4.7,176.3,77,37,48.5
P1370,Omer Mizrahi,male,24,right,one_handed,10.0,8.1,3.0,181.8,43,39,89.7
P1371,Hila Azoulay,female,27,,,8.0,6.5,4.4,169.3,19,14,72.6
P1372,Ron Peretz,male,30,right,two_handed,4.0,5.8,1.5,170.9,75,48,63.8
P1373,Roni Friedman,female,19,right,two_handed,8.0,8.2,2.7,167.3,96,75,78.6
P1374,Guy Azoulay,male,36,right,two_handed,6.0,8.8,2.7,175.0,84,58,68.9
P1375,Daniel Shapira,male,8,right,two_handed,6.0,5.8,1.8,148.7,25,13,53.2
P1376,Hila Levi,female,32,right,one_handed,7.0,49.1,56.1,,16,12,77.6
P1377,Maya Peretz,female,8,right,two_handed,,4.2,4.4,151.3,60,29,48.9
P1378,Hila Katz,female,18,right,one_handed,6.0,2.4,2.9,164.5,90,55,61.1
P1379,Eitan Friedman,male,27,right,one_handed,,14.4,,168.6,25,21,85.4
P1380,Guy Peretz,male,18,,one_handed,9.0,2.6,1.7,186.3,81,65,80.6
P1381,Guy Levi,male,17,right,one_handed,7.0,8.9,0.5,,76,50,66.0
P1382,Ido Levi,male,19,right,two_handed,10.0,12.7,4.4,181.8,53,42,79.2
P1383,Ido Katz,male,14,right,one_handed,6.0,1.1,3.3,181.6,71,41,57.1
P1384,Roni Azoulay,female,36,right,two_handed,5.0,2.3,7.0,152.2,33,23,68.4
P1385,Tamar Avraham,female,18,right,one_handed,5.0,3.1,3.0,169.8,45,30,66.0
P1386,Lior Biton,female,29,right,two_handed,6.0,3.8,1.9,168.0,119,91,76.7
P1387,Adi Friedman,female,36,right,two_handed,,8.0,5.0,168.8,83,52,62.8
P1388,Eitan Azoulay,male,51,right,two_handed,5.0,14.8,8.2,160.6,69,49,71.1
P1389,Gal Katz,female,35,left,two_handed,5.0,2.3,1.5,155.3,57,30,53.1
P1390,Gal Katz,female,22,right,one_handed,6.0,5.8,1.4,150.1,23,17,74.5
P1391,Lior Levi,female,37,left,one_handed,4.0,2.9,5.5,158.6,50,25,49.3
P1392,Lior Cohen,female,43,right,two_handed,6.0,2.3,11.3,153.7,81,57,70.0
P1393,Yotam Peretz,male,35,right,two_handed,10.0,6.3,0.9,190.9,18,11,63.3
P1394,Noa Peretz,female,27,right,two_handed,7.0,13.4,0.8,166.9,43,34,79.0
P1395,Hila Mizrahi,female,50,,two_handed,9.0,0.3,3.9,163.2,96,58,60.9
P1396,Noa Biton,female,18,right,two_handed,5.0,6.0,4.7,163.3,58,41,70.6
P1397,Maya Peretz,female,16,,two_handed,5.0,1.3,2.4,178.0,104,56,54.0
P1398,Shira Peretz,female,39,left,two_handed,5.0,2.6,9.6,162.3,54,37,68.2
P1399,Daniel Levi,male,17,right,two_handed,2.0,4.3,7.6,162.4,102,61,60.2
P1400,Omer Mizrahi,male,27,right,two_handed,,11.2,3.6,,63,42,66.0
P1401,Amit Azoulay,male,20,right,one_handed,3.0,6.0,,167.8,31,17,53.6
P1402,Daniel Biton,male,128,right,two_handed,4.0,5.7,3.2,243.2,86,50,58.1
P1403,Ariel Mizrahi,male,44,right,,5.0,0.8,1.5,166.5,37,18,48.4
P1404,Ido Peretz,male,31,right,two_handed,6.0,2.6,3.8,170.0,45,28,62.6
P1405,Roni Peretz,female,24,,two_handed,4.0,5.6,2.3,,63,42,67.3
P1406,Adi Shapira,female,24,right,one_handed,6.0,2.7,5.6,156.1,49,34,69.5
P1407,Yael Friedman,female,36,left,two_handed,9.0,5.7,3.1,170.3,100,73,72.9
P1408,Ron Friedman,male,35,right,two_handed,6.0,5.1,1.3,157.7,26,14,54.5
P1409,Gal Avraham,female,25,right,two_handed,7.0,8.5,4.2,161.9,93,71,76.7
P1410,Amit Biton,male,8,right,two_handed,4.0,54.2,54.4,146.6,16,9,58.8
P1411,Gal Levi,female,20,right,two_handed,4.0,5.2,3.0,156.1,85,52,61.2
P1412,Ido Shapira,male,8,right,one_handed,2.0,1.6,1.3,149.0,39,17,43.2
P1413,Ariel Katz,male,21,right,two_handed,7.0,5.4,3.3,158.9,22,17,79.2
P1414,Noa Katz,female,8,right,one_handed,6.0,5.0,0.4,136.5,48,26,53.5
P1415,Ron Levi,male,15,right,two_handed,2.0,3.6,1.6,165.6,88,44,50.3
P1416,Yotam Cohen,male,15,right,two_handed,5.0,7.2,3.8,160.5,18,13,69.5
P1417,Maya Shapira,female,21,right,one_handed,5.0,5.5,,,114,70,61.7
P1418,Guy Mizrahi,male,16,right,two_handed,3.0,3.0,5.4,175.7,87,50,57.6
P1419,Noam Azoulay,male,32,,two_handed,4.0,3.5,3.8,182.0,51,30,59.3
P1420,Eitan Mizrahi,male,29,right,two_handed,,8.1,,184.4,21,14,64.7
P1421,Eitan Cohen,male,28,right,one_handed,7.0,3.6,2.5,176.3,100,74,73.6
P1422,Guy Friedman,male,29,left,two_handed,4.0,4.5,1.8,183.4,67,41,60.9
P1423,Yael Biton,female,11,right,two_handed,5.0,2.1,1.4,144.7,40,22,53.8
P1424,Noa Mizrahi,female,34,right,,3.0,7.0,3.1,152.1,95,50,52.7
P1425,Noam Friedman,male,33,right,two_handed,5.0,8.7,3.4,169.5,56,43,76.6
P1426,Noa Azoulay,female,29,left,two_handed,7.0,9.4,2.3,167.5,19,16,83.7
P1427,Roni Biton,female,8,right,one_handed,6.0,2.7,3.3,134.1,109,59,54.2
P1428,Yael Friedman,female,51,right,one_handed,4.0,2.8,1.8,184.7,45,16,36.5
P1429,Lior Peretz,female,26,right,two_handed,6.0,5.1,0.8,162.6,88,68,77.2
P1430,Roni Levi,female,11,right,two_handed,6.0,4.7,10.8,157.4,13,9,69.7
P1431,Yotam Biton,male,31,right,one_handed,6.0,0.5,3.5,179.5,75,47,63.2
P1432,Lior Cohen,female,25,right,one_handed,6.0,2.7,,170.9,48,39,81.3
P1433,Yael Shapira,female,41,left,,5.0,2.9,,,111,54,48.3
P1434,Hila Levi,female,22,right,one_handed,,1.7,3.9,167.0,39,32,80.8
P1435,Adi Katz,female,42,right,,6.0,5.4,,169.6,54,33,61.6
P1436,Ido Cohen,male,45,right,one_handed,7.0,4.2,0.8,174.8,46,25,53.3
P1437,Amit Katz,male,21,left,one_handed,9.0,2.6,7.8,176.2,41,35,86.2
P1438,Omer Cohen,male,27,right,,8.0,6.4,6.7,181.3,113,100,88.8
P1439,Guy Avraham,male,26,right,one_handed,3.0,1.3,7.6,165.5,60,41,68.2
P1440,Eitan Azoulay,male,35,right,two_handed,5.0,6.1,3.4,170.3,20,12,59.6
P1441,Daniel Shapira,male,32,right,two_handed,4.0,8.4,0.7,184.8,39,26,65.7
P1442,Yotam Friedman,male,36,right,two_handed,9.0,8.7,1.9,180.5,103,72,70.3
P1443,Yotam Biton,male,12,right,two_handed,3.0,3.7,7.3,164.9,79,40,51.1
P1444,Omer Levi,male,19,right,two_handed,8.0,5.5,8.1,175.2,78,69,89.1
P1445,Maya Friedman,female,38,right,two_handed,8.0,6.7,3.6,164.0,12,7,61.1
P1446,Noa Avraham,female,31,,two_handed,7.0,0.9,4.9,165.9,85,56,66.3
P1447,Eitan Katz,male,30,right,two_handed,8.0,6.7,3.5,160.7,65,51,79.2
P1448,Gal Levi,female,25,right,one_handed,8.0,4.9,1.0,,81,59,73.0
P1449,Hila Avraham,female,26,right,two_handed,7.0,5.4,8.3,153.9,100,86,86.2
P1450,Maya Peretz,female,30,,two_handed,9.0,1.2,8.2,163.8,15,13,87.9
P1451,Amit Friedman,male,31,right,two_handed,9.0,9.1,2.5,170.4,22,18,81.0
P1452,Omer Levi,male,26,right,,5.0,1.3,4.4,175.3,90,70,77.4
P1453,Ariel Friedman,male,11,left,two_handed,6.0,7.7,2.8,166.5,42,28,65.5
P1454,Amit Avraham,male,21,,one_handed,3.0,10.7,7.0,170.2,95,68,72.0
P1455,Gal Avraham,female,44,left,one_handed,7.0,3.5,2.7,165.4,28,16,56.2
P1456,Amit Cohen,male,21,right,two_handed,5.0,4.5,2.3,172.1,41,29,71.5
P1457,Daniel Levi,male,35,right,two_handed,4.0,4.1,1.8,184.7,73,43,59.3
P1458,Maya Shapira,female,13,right,two_handed,6.0,5.5,1.4,152.8,89,47,52.6
P1459,Daniel Friedman,male,26,,two_handed,4.0,11.1,4.0,180.6,89,67,75.0
P1460,Ron Avraham,male,20,right,two_handed,,7.2,1.7,185.6,55,36,65.8
P1461,Roni Biton,female,30,right,two_handed,1.0,4.7,5.1,156.2,114,64,56.3
P1462,Eitan Avraham,male,38,right,two_handed,9.0,4.8,1.5,176.6,82,49,59.9
P1463,Adi Mizrahi,female,30,right,one_handed,8.0,5.6,4.1,165.4,43,33,76.0
P1464,Omer Avraham,male,30,right,one_handed,3.0,2.2,0.8,187.9,75,43,57.2
P1465,Amit Katz,male,28,right,two_handed,5.0,9.7,,168.1,114,88,77.2
P1466,Daniel Levi,male,31,,,2.0,7.7,15.0,185.6,72,54,75.6
P1467,Roni Friedman,female,19,right,one_handed,5.0,0.3,3.8,179.6,73,49,67.5
P1468,Hila Shapira,female,21,,,3.0,8.0,11.1,165.8,100,72,71.6
P1469,Ariel Peretz,male,8,right,two_handed,5.0,2.2,2.8,157.1,68,33,48.9
P1470,Adi Peretz,female,29,right,one_handed,7.0,5.1,2.3,154.2,57,35,61.9
P1471,Yael Azoulay,female,27,right,one_handed,4.0,9.2,2.3,,66,47,71.0
P1472,Lior Avraham,female,16,right,one_handed,6.0,3.7,2.2,172.6,95,60,62.7
P1473,Guy Friedman,male,43,right,one_handed,4.0,4.1,3.5,171.6,113,54,48.1
P1474,Ron Cohen,male,20,right,one_handed,5.0,6.8,1.2,171.4,113,70,61.9
P1475,Omer Katz,male,21,right,,5.0,3.3,7.8,188.1,103,78,75.9
P1476,Yotam Avraham,male,28,right,two_handed,6.0,1.5,8.6,170.5,33,26,79.7
P1477,Daniel Cohen,male,35,right,one_handed,3.0,16.3,6.6,176.2,116,71,60.8
P1478,Daniel Friedman,male,29,right,one_handed,8.0,5.6,,189.4,98,93,95.1
P1479,Noa Avraham,female,35,right,two_handed,4.0,5.0,0.5,161.9,47,21,45.1
P1480,Lior Biton,female,28,right,two_handed,1.0,6.5,3.8,177.1,60,32,53.6
P1481,Ariel Cohen,male,29,right,one_handed,3.0,7.7,0.8,189.0,16,10,62.1
P1482,Ron Katz,male,17,left,one_handed,5.0,2.9,9.7,183.1,57,38,65.8
P1483,Yael Friedman,female,14,right,two_handed,4.0,1.1,3.7,152.6,11,4,38.0
P1484,Omer Shapira,male,24,right,,5.0,6.0,4.1,167.5,22,17,77.0
P1485,Eitan Azoulay,male,22,,one_handed,7.0,12.5,4.6,192.6,108,90,83.7
P1486,Guy Azoulay,male,42,right,two_handed,5.0,7.9,7.5,184.3,15,10,64.6
P1487,Ron Azoulay,male,28,left,two_handed,5.0,5.7,5.1,157.1,64,49,77.2
P1488,Ariel Azoulay,male,30,right,one_handed,9.0,5.0,2.2,169.3,111,81,72.8
P1489,Maya Friedman,female,11,right,two_handed,6.0,4.2,11.8,148.5,65,44,67.9
P1490,Maya Azoulay,female,26,,one_handed,,17.5,6.1,,60,49,80.9
P1491,Noa Azoulay,female,42,right,one_handed,2.0,3.1,2.9,164.4,84,34,40.4
P1492,Noam Avraham,male,17,right,two_handed,,3.7,14.3,184.7,68,56,82.6
P1493,Ron Avraham,male,22,right,two_handed,4.0,6.8,7.9,166.1,54,44,80.7
P1494,Ariel Mizrahi,male,23,right,two_handed,8.0,7.5,8.4,175.3,30,27,90.0
P1495,Guy Biton,male,8,right,two_handed,4.0,5.6,0.9,148.3,115,54,46.6
P1496,Yael Biton,female,21,,one_handed,2.0,4.6,7.8,155.8,88,56,64.1
P1497,Ariel Friedman,male,49,right,two_handed,7.0,8.4,3.5,180.1,19,9,49.1
P1498,Eitan Shapira,male,13,,two_handed,5.0,6.0,5.6,175.6,47,29,62.6
P1499,Yael Levi,female,30,,two_handed,5.0,3.9,3.0,168.8,44,28,63.8
P1500,Eitan Azoulay,male,14,left,two_handed,2.0,5.4,11.7,153.2,63,42,65.9
P1501,Noam Azoulay,male,19,right,,6.0,3.6,0.4,171.0,113,76,67.4
P1502,Ariel Biton,male,108,right,two_handed,7.0,4.8,6.1,237.3,29,24,81.2
P1503,Gal Azoulay,female,34,right,two_handed,8.0,6.6,,159.2,13,8,60.0
P1504,Maya Cohen,female,39,left,two_handed,5.0,1.6,10.8,163.9,119,78,65.9
P1505,Ariel Mizrahi,male,40,right,two_handed,2.0,4.1,5.7,181.8,13,7,50.2
P1506,Daniel Mizrahi,male,35,right,two_handed,7.0,5.8,6.4,180.5,14,10,73.7
P1507,Daniel Friedman,male,26,right,two_handed,4.0,11.6,10.2,183.6,88,74,84.0
P1508,Gal Biton,female,30,right,one_handed,7.0,9.1,4.1,157.9,76,59,78.0
P1509,Omer Friedman,male,9,right,two_handed,4.0,6.9,7.4,150.9,14,8,57.7
P1510,Ariel Friedman,male,28,right,two_handed,7.0,1.7,7.6,,46,34,73.9
P1511,Omer Azoulay,male,10,,two_handed,3.0,2.4,3.4,166.5,64,38,58.9
P1512,Lior Katz,female,38,right,two_handed,3.0,3.2,3.3,151.6,60,28,45.9
P1513,Noa Cohen,female,8,right,two_handed,5.0,3.7,6.6,138.0,61,34,55.6
P1514,Guy Shapira,male,19,right,two_handed,2.0,2.2,16.8,179.7,109,72,65.8
P1515,Adi Cohen,female,30,right,,2.0,5.2,10.9,172.3,72,54,75.0
P1516,Omer Biton,male,28,right,two_handed,4.0,9.5,4.0,177.2,97,76,78.8
P1517,Roni Katz,female,29,right,two_handed,5.0,1.4,6.5,166.5,12,9,71.5
P1518,Maya Katz,female,18,right,two_handed,6.0,4.6,1.1,155.3,79,52,65.9
P1519,Maya Avraham,female,30,right,,7.0,5.3,,160.7,23,20,88.6
P1520,Amit Katz,male,16,right,two_handed,5.0,3.1,2.8,170.7,31,18,59.3
P1521,Ariel Avraham,male,55,right,two_handed,7.0,23.0,6.9,168.4,106,74,70.0
P1522,Omer Friedman,male,32,right,one_handed,6.0,6.5,3.0,,11,7,68.1
P1523,Noa Katz,female,25,right,one_handed,10.0,0.9,1.7,163.3,13,10,79.9
P1524,Daniel Levi,male,8,right,two_handed,9.0,6.5,8.6,144.7,51,38,74.5
P1525,Ido Azoulay,male,36,left,two_handed,6.0,7.4,1.7,179.4,40,26,63.8
P1526,Gal Cohen,female,28,right,two_handed,2.0,0.5,9.2,160.3,22,15,67.0
P1527,Noam Azoulay,male,9,right,two_handed,5.0,9.6,8.6,167.9,32,23,70.5
P1528,Shira Cohen,female,29,right,one_handed,8.0,4.7,,168.0,82,62,75.9
P1529,Gal Levi,female,22,right,two_handed,6.0,1.5,,159.7,102,65,63.9
P1530,Gal Katz,female,24,right,two_handed,3.0,9.4,3.3,169.3,64,47,73.7
P1531,Tamar Cohen,female,19,left,two_handed,3.0,5.0,1.2,152.5,42,26,61.6
P1532,Amit Azoulay,male,28,left,two_handed,10.0,4.0,1.3,178.6,80,64,79.4
P1533,Ron Katz,male,43,right,two_handed,7.0,5.0,6.5,176.1,90,59,65.3
P1534,Amit Avraham,male,26,right,two_handed,,3.9,,189.5,105,64,61.0
P1535,Guy Levi,male,31,right,one_handed,9.0,6.7,2.4,184.1,14,11,75.6
P1536,Yael Biton,female,38,right,two_handed,7.0,4.6,4.8,155.3,95,66,69.7
P1537,Daniel Levi,male,55,left,two_handed,,1.8,4.9,167.4,46,26,56.3
P1538,Guy Katz,male,23,right,two_handed,4.0,1.0,0.8,168.9,103,71,68.8
P1539,Ariel Azoulay,male,26,right,two_handed,3.0,3.3,3.7,172.4,116,76,65.9
P1540,Noa Friedman,female,12,right,two_handed,5.0,4.0,3.0,158.1,96,46,47.8
P1541,Omer Mizrahi,male,42,left,one_handed,8.0,2.3,,175.2,64,38,58.8
P1542,Ron Shapira,male,8,right,one_handed,8.0,3.7,0.7,137.2,20,10,51.0
P1543,Guy Azoulay,male,17,right,two_handed,5.0,4.0,,173.1,20,11,54.5
P1544,Roni Cohen,female,18,right,two_handed,4.0,12.9,1.2,165.2,11,6,53.5
P1545,Guy Cohen,male,35,right,two_handed,,13.1,2.1,165.5,73,40,54.5
P1546,Guy Levi,male,24,right,two_handed,7.0,2.6,3.2,186.5,47,36,76.3
P1547,Ido Cohen,male,8,right,two_handed,7.0,11.6,,148.5,38,28,75.0
P1548,Noam Azoulay,male,22,right,two_handed,5.0,2.0,6.8,176.8,107,91,84.9
P1549,Amit Azoulay,male,16,right,two_handed,5.0,10.9,1.9,180.3,25,14,57.8
P1550,Ariel Avraham,male,13,right,two_handed,8.0,6.6,8.3,148.3,66,50,75.0
P1551,Amit Friedman,male,28,left,two_handed,7.0,0.5,4.1,173.1,84,64,75.9
P1552,Guy Shapira,male,21,right,two_handed,6.0,3.3,3.5,174.3,14,9,66.5
P1553,Roni Peretz,female,32,right,two_handed,6.0,3.5,6.3,161.6,27,18,66.3
P1554,Tamar Biton,female,28,,two_handed,7.0,3.1,2.0,186.1,51,38,73.8
P1555,Roni Friedman,female,25,left,two_handed,7.0,3.0,1.8,164.0,49,36,72.6
P1556,Lior Shapira,female,30,right,two_handed,8.0,3.0,2.4,168.6,73,48,65.6
P1557,Amit Azoulay,male,17,left,two_handed,9.0,1.5,3.5,174.3,100,87,87.0
P1558,Noa Katz,female,27,right,two_handed,8.0,2.8,3.6,171.1,39,28,72.8
P1559,Ariel Shapira,male,29,right,two_handed,5.0,3.4,2.6,168.1,25,18,70.1
P1560,Eitan Katz,male,38,left,two_handed,7.0,3.9,7.2,172.4,91,63,69.2
P1561,Hila Azoulay,female,20,right,one_handed,6.0,8.6,5.1,172.8,30,21,70.8
P1562,Shira Peretz,female,24,right,two_handed,3.0,2.1,3.7,170.4,106,79,74.9
P1563,Ariel Cohen,male,28,right,one_handed,5.0,3.4,2.8,164.3,11,7,65.0
P1564,Ido Levi,male,62,right,,10.0,3.7,,186.8,77,53,68.2
P1565,Guy Shapira,male,20,right,two_handed,,6.1,9.3,186.3,76,64,83.9
P1566,Guy Levi,male,35,right,two_handed,9.0,4.7,8.2,182.1,70,49,69.8
P1567,Shira Avraham,female,36,left,two_handed,7.0,5.0,3.1,179.2,116,78,67.0
P1568,Ron Peretz,male,39,right,one_handed,6.0,4.4,4.7,174.7,29,17,58.7
P1569,Adi Azoulay,female,27,right,two_handed,8.0,9.1,14.4,161.0,94,82,86.8
P1570,Ron Friedman,male,29,left,two_handed,7.0,0.5,3.2,181.3,26,20,76.5
P1571,Noam Friedman,male,31,right,one_handed,5.0,2.1,0.7,178.9,44,25,55.7
P1572,Gal Cohen,female,37,right,two_handed,8.0,3.0,2.0,153.2,85,54,63.2
P1573,Ido Cohen,male,50,right,one_handed,7.0,0.8,3.2,154.8,92,54,59.2
P1574,Ron Friedman,male,11,right,two_handed,3.0,6.8,2.3,163.7,52,19,37.4
P1575,Eitan Friedman,male,8,right,two_handed,,13.2,3.6,150.7,68,33,48.0
P1576,Noam Friedman,male,44,right,two_handed,5.0,7.0,3.1,158.1,57,29,51.3
P1577,Roni Friedman,female,39,right,,5.0,4.4,7.4,179.8,74,47,64.0
P1578,Guy Shapira,male,16,right,one_handed,7.0,0.7,5.6,176.3,69,46,66.7
P1579,Hila Cohen,female,8,left,two_handed,6.0,12.8,6.6,131.5,39,30,76.3
P1580,Ido Avraham,male,24,left,one_handed,7.0,3.0,,187.2,17,16,95.5
P1581,Yael Levi,female,45,right,one_handed,,4.0,3.4,,46,24,51.4
P1582,Lior Cohen,female,22,right,two_handed,7.0,4.8,8.9,164.3,36,27,75.8
P1583,Yael Shapira,female,20,right,two_handed,4.0,11.1,12.7,161.5,11,8,75.7
P1584,Ariel Shapira,male,33,right,two_handed,7.0,5.0,1.4,168.3,69,42,61.5
P1585,Hila Levi,female,26,right,,8.0,6.2,11.0,164.5,20,18,90.1
P1586,Ido Avraham,male,32,left,one_handed,8.0,4.8,2.8,196.3,112,91,81.2
P1587,Amit Katz,male,53,right,one_handed,7.0,1.5,5.6,184.6,61,31,51.6
P1588,Guy Mizrahi,male,41,right,two_handed,5.0,7.7,7.1,172.3,119,69,58.4
P1589,Amit Biton,male,37,right,one_handed,6.0,0.5,2.2,175.2,114,62,54.7
P1590,Tamar Katz,female,13,right,,6.0,5.7,5.6,154.7,19,12,64.8
P1591,Shira Cohen,female,25,left,two_handed,7.0,2.5,0.6,169.5,68,53,77.8
P1592,Daniel Levi,male,30,left,two_handed,7.0,1.6,3.4,171.2,102,83,81.0
P1593,Daniel Katz,male,35,right,two_handed,6.0,4.9,1.6,171.0,105,63,60.4
P1594,Maya Avraham,female,17,right,two_handed,6.0,0.2,4.9,168.9,86,53,61.1
P1595,Amit Azoulay,male,31,left,two_handed,5.0,4.6,3.1,176.7,118,86,72.6
P1596,Shira Avraham,female,25,right,one_handed,,3.0,,168.4,22,17,75.2
P1597,Lior Peretz,female,52,left,two_handed,5.0,5.8,1.8,,21,10,47.1
P1598,Adi Avraham,female,25,right,two_handed,10.0,3.0,1.8,161.8,50,37,73.2
P1599,Ariel Avraham,male,33,,two_handed,8.0,3.7,4.1,165.6,71,55,77.2
P1600,Ron Azoulay,male,34,right,two_handed,9.0,5.3,10.7,178.2,118,95,80.9
P1601,Daniel Mizrahi,male,41,right,two_handed,,4.9,2.7,181.8,80,46,57.8
P1602,Gal Friedman,female,22,right,one_handed,9.0,3.0,5.3,150.4,70,60,85.1
P1603,Yotam Peretz,male,31,left,two_handed,9.0,5.7,,178.0,96,80,83.0
P1604,Tamar Azoulay,female,29,right,one_handed,7.0,7.9,,174.2,10,7,74.8
P1605,Daniel Biton,male,51,right,,9.0,2.6,7.3,189.4,109,70,64.1
P1606,Guy Biton,male,8,left,two_handed,5.0,0.3,0.9,156.8,10,5,47.1
P1607,Daniel Azoulay,male,8,right,,7.0,4.2,5.2,144.0,63,41,65.0
P1608,Noam Shapira,male,34,,two_handed,7.0,9.2,8.1,169.7,52,40,76.9
P1609,Ron Peretz,male,23,right,one_handed,4.0,9.9,1.4,184.7,19,13,66.9
P1610,Eitan Peretz,male,21,right,two_handed,5.0,5.3,3.5,182.0,29,21,73.4
P1611,Eitan Peretz,male,31,right,two_handed,6.0,3.9,2.9,172.0,19,13,70.8
P1612,Ariel Azoulay,male,46,right,two_handed,7.0,5.4,2.7,186.8,95,54,57.3
P1613,Yael Friedman,female,30,right,one_handed,6.0,14.3,2.8,162.6,70,55,77.9
P1614,Adi Katz,female,38,right,one_handed,7.0,3.8,2.8,175.2,12,7,58.7
P1615,Ido Peretz,male,48,left,two_handed,9.0,12.7,6.1,181.4,80,60,74.4
P1616,Guy Levi,male,30,,one_handed,10.0,3.3,3.9,192.3,35,26,74.7
P1617,Noam Mizrahi,male,38,right,two_handed,2.0,1.9,6.3,188.7,46,24,51.6
P1618,Roni Avraham,female,25,,two_handed,6.0,9.9,3.2,178.3,85,63,73.7
P1619,Noam Mizrahi,male,11,,two_handed,6.0,5.9,8.4,158.3,94,65,69.0
P1620,Maya Mizrahi,female,15,right,two_handed,3.0,13.8,2.7,167.1,110,54,49.2
P1621,Amit Levi,male,35,right,one_handed,6.0,5.5,6.5,169.4,82,55,67.0
P1622,Noa Shapira,female,17,right,two_handed,7.0,2.8,1.8,173.8,96,55,57.6
P1623,Omer Azoulay,male,26,right,one_handed,,5.8,13.2,180.9,96,83,86.3
P1624,Ariel Katz,male,19,right,two_handed,6.0,7.6,3.3,164.4,68,47,68.4
P1625,Gal Avraham,female,25,right,two_handed,6.0,4.8,5.7,181.7,55,40,72.1
P1626,Maya Biton,female,26,right,two_handed,4.0,0.7,1.9,170.5,41,28,67.2
P1627,Yael Friedman,female,22,right,two_handed,4.0,3.0,0.8,155.1,59,41,70.3
P1628,Roni Shapira,female,29,right,two_handed,5.0,7.6,3.6,157.3,28,21,75.4
P1629,Ariel Biton,male,39,right,,8.0,16.1,3.5,165.2,84,58,68.7
P1630,Tamar Peretz,female,47,right,two_handed,7.0,10.0,2.5,157.5,85,54,63.4
P1631,Tamar Levi,female,19,right,one_handed,7.0,5.6,9.9,160.7,119,91,76.8
P1632,Tamar Biton,female,29,right,two_handed,4.0,5.4,10.1,156.4,119,81,68.4
P1633,Ariel Friedman,male,58,right,,9.0,2.2,1.6,174.9,100,62,61.8
P1634,Guy Avraham,male,38,right,two_handed,,9.8,5.7,174.9,40,30,73.9
P1635,Hila Azoulay,female,12,right,two_handed,6.0,5.7,5.8,162.2,86,57,65.9
P1636,Yotam Biton,male,33,right,two_handed,8.0,3.0,2.2,182.3,28,20,71.1
P1637,Tamar Cohen,female,31,left,two_handed,6.0,0.9,,,69,48,69.4
P1638,Ido Levi,male,12,right,two_handed,5.0,10.7,5.8,,31,20,65.6
P1639,Noam Peretz,male,16,right,one_handed,6.0,2.2,2.2,175.8,45,25,55.7
P1640,Yael Friedman,female,38,right,two_handed,8.0,5.9,6.0,172.0,85,57,67.3
P1641,Guy Cohen,male,43,right,two_handed,2.0,2.6,6.3,180.7,89,39,43.5
P1642,Tamar Azoulay,female,22,right,two_handed,4.0,1.1,4.6,155.3,58,36,61.4
P1643,Noa Azoulay,female,9,right,two_handed,7.0,1.1,2.1,145.8,31,17,56.1
P1644,Maya Cohen,female,23,right,two_handed,6.0,5.1,3.6,171.2,108,78,71.9
P1645,Lior Cohen,female,45,right,two_handed,,0.9,,173.3,43,22,51.1
P1646,Amit Mizrahi,male,45,right,two_handed,7.0,8.7,1.3,164.7,74,41,56.0
P1647,Ariel Katz,male,18,right,two_handed,4.0,9.5,2.3,169.7,105,68,64.9
P1648,Yotam Levi,male,25,right,two_handed,6.0,1.0,1.7,168.6,108,68,62.6
P1649,Lior Cohen,female,25,right,two_handed,4.0,3.4,6.0,162.8,109,75,68.4
P1650,Daniel Friedman,male,28,right,one_handed,8.0,12.5,4.8,169.1,57,51,88.6
P1651,Ariel Levi,male,8,right,two_handed,4.0,7.7,2.0,160.7,105,51,48.9
P1652,Noam Avraham,male,23,right,one_handed,6.0,5.5,1.0,,25,18,72.7
P1653,Omer Friedman,male,15,right,two_handed,7.0,6.9,1.5,,108,73,67.5
P1654,Roni Katz,female,15,right,one_handed,8.0,2.1,5.1,152.1,29,19,66.4
P1655,Roni Biton,female,50,right,one_handed,3.0,2.1,7.4,166.5,53,26,49.3
P1656,Daniel Mizrahi,male,41,right,,8.0,6.0,8.0,190.1,69,44,64.1
P1657,Hila Cohen,female,22,right,one_handed,6.0,5.6,3.9,150.4,98,79,81.0
P1658,Gal Peretz,female,29,right,two_handed,7.0,3.2,4.8,167.2,75,59,79.2
P1659,Noam Katz,male,25,right,one_handed,4.0,0.8,1.7,179.8,46,30,66.3
P1660,Yotam Shapira,male,24,right,two_handed,5.0,3.5,3.8,175.9,14,11,80.1
P1661,Maya Azoulay,female,12,right,two_handed,5.0,9.1,1.3,154.7,65,35,53.6
P1662,Adi Cohen,female,43,left,one_handed,,6.8,6.0,160.3,58,37,63.0
P1663,Omer Cohen,male,21,right,one_handed,6.0,7.3,2.8,174.4,64,51,80.2
P1664,Adi Friedman,female,31,right,one_handed,5.0,12.8,6.3,147.7,28,22,77.7
P1665,Maya Biton,female,28,right,,8.0,4.0,5.9,153.9,86,71,82.7
P1666,Maya Peretz,female,21,right,two_handed,3.0,5.2,4.0,178.1,65,42,65.0
P1667,Yotam Shapira,male,19,right,,6.0,2.1,8.1,,84,52,61.4
P1668,Eitan Shapira,male,31,right,two_handed,7.0,3.7,12.9,175.7,56,46,83.0
P1669,Roni Peretz,female,10,right,two_handed,6.0,2.0,5.5,138.8,25,13,53.2
P1670,Ido Peretz,male,46,right,two_handed,,3.4,3.6,174.8,47,26,55.7
P1671,Guy Mizrahi,male,16,right,two_handed,7.0,10.7,6.2,185.4,77,62,80.8
P1672,Lior Biton,female,29,right,,4.0,1.2,8.3,162.2,73,52,70.6
P1673,Eitan Mizrahi,male,30,right,two_handed,6.0,7.9,7.0,182.7,83,62,75.1
P1674,Ariel Katz,male,33,left,two_handed,4.0,9.3,2.1,179.0,36,23,64.4
P1675,Tamar Friedman,female,54,left,two_handed,7.0,13.2,1.6,166.3,14,8,59.9
P1676,Amit Avraham,male,48,,,5.0,5.7,17.2,185.7,118,82,69.6
P1677,Tamar Levi,female,44,right,one_handed,3.0,1.9,7.3,154.0,14,7,50.0
P1678,Gal Mizrahi,female,40,right,two_handed,6.0,5.4,3.9,175.3,108,54,49.8
P1679,Guy Peretz,male,36,right,two_handed,3.0,0.7,2.5,180.4,61,30,48.4
P1680,Ariel Friedman,male,8,right,one_handed,8.0,5.5,14.8,157.5,105,79,74.8
P1681,Eitan Friedman,male,11,right,two_handed,7.0,7.0,2.8,163.2,36,20,54.6
P1682,Lior Mizrahi,female,28,left,two_handed,7.0,3.7,3.4,168.7,34,27,78.2
P1683,Yael Levi,female,42,left,one_handed,6.0,4.7,1.4,157.4,38,23,60.7
P1684,Shira Katz,female,27,right,two_handed,5.0,6.0,2.2,170.9,14,11,80.1
P1685,Omer Peretz,male,45,right,two_handed,,2.2,1.8,,80,38,47.6
P1686,Omer Katz,male,29,right,two_handed,8.0,14.3,8.4,170.7,26,24,92.3
P1687,Roni Peretz,female,22,,one_handed,4.0,1.8,7.4,165.2,26,18,70.5
P1688,Yael Avraham,female,45,right,two_handed,8.0,20.2,17.5,148.4,69,61,88.4
P1689,Tamar Friedman,female,53,right,two_handed,5.0,5.0,,161.6,63,29,45.4
P1690,Ariel Levi,male,8,right,two_handed,5.0,7.5,3.9,144.9,22,12,56.5
P1691,Adi Katz,female,48,right,one_handed,5.0,4.3,5.6,180.9,59,31,52.7
P1692,Ido Katz,male,33,right,two_handed,7.0,3.9,2.8,,111,66,59.7
P1693,Adi Avraham,female,15,right,two_handed,5.0,3.1,,152.0,59,39,65.8
P1694,Adi Avraham,female,20,right,two_handed,5.0,5.8,1.6,171.1,85,57,67.2
P1695,Lior Peretz,female,8,,one_handed,7.0,1.4,10.4,141.7,32,20,61.6
P1696,Gal Mizrahi,female,8,right,two_handed,6.0,11.2,2.3,,23,15,65.3
P1697,Tamar Levi,female,35,,two_handed,7.0,7.8,1.3,159.1,119,72,60.5
P1698,Omer Biton,male,35,right,two_handed,8.0,53.1,69.3,164.1,16,12,75.6
P1699,Lior Katz,female,13,,one_handed,5.0,6.1,2.9,163.0,100,60,60.5
